{
  "3": {
    "MAPPO (MARL)": {
      "mean_T_up": 321.5809038034261,
      "median_T_up": 238.44811781600896,
      "std_T_up": 287.4825715922251,
      "bad_rate": 0.7337662337662337,
      "mean_diversity": 3.973333333333333,
      "success_rate": 0.9911111111111113
    },
    "A3C (Ours)": {
      "mean_T_up": 17.14523698922663,
      "median_T_up": 4.34842000196578,
      "std_T_up": 33.65841977707991,
      "bad_rate": 0.11333333333333333,
      "mean_diversity": 3.0,
      "success_rate": 1.0
    },
    "LAD-Dijkstra": {
      "mean_T_up": 27.444357682479858,
      "median_T_up": 4.372117327373031,
      "std_T_up": 45.06607939016409,
      "bad_rate": 0.20333333333333334,
      "mean_diversity": 2.513333333333333
    },
    "ShortestPath": {
      "mean_T_up": 70.33325510646871,
      "median_T_up": 112.13763614300937,
      "std_T_up": 53.19357069765131,
      "bad_rate": 0.5966666666666667,
      "mean_diversity": 2.0
    }
  },
  "5": {
    "MAPPO (MARL)": {
      "mean_T_up": 408.44656675714776,
      "median_T_up": 354.7864741693046,
      "std_T_up": 242.82450027165353,
      "bad_rate": 0.9197860962566845,
      "mean_diversity": 4.966666666666667,
      "success_rate": 0.9973333333333333
    },
    "A3C (Ours)": {
      "mean_T_up": 48.283132368997734,
      "median_T_up": 11.412040725474883,
      "std_T_up": 54.786787052338155,
      "bad_rate": 0.3566666666666667,
      "mean_diversity": 4.0,
      "success_rate": 1.0
    },
    "LAD-Dijkstra": {
      "mean_T_up": 39.602084474498476,
      "median_T_up": 6.938982155063112,
      "std_T_up": 49.895598896163555,
      "bad_rate": 0.3,
      "mean_diversity": 3.6733333333333333
    },
    "ShortestPath": {
      "mean_T_up": 72.85215865145454,
      "median_T_up": 112.11278844640537,
      "std_T_up": 56.314890062256325,
      "bad_rate": 0.5866666666666667,
      "mean_diversity": 4.0
    }
  }
}