{
  "3": {
    "MAPPO (MARL)": {
      "mean_T_up": 246.14873758442153,
      "median_T_up": 131.0168232600616,
      "std_T_up": 208.53449199813744,
      "bad_rate": 0.7777777777777778,
      "mean_diversity": 3.95,
      "success_rate": 1.0
    },
    "A3C (Ours)": {
      "mean_T_up": 32.8681387561859,
      "median_T_up": 5.923998015126981,
      "std_T_up": 46.22366024759484,
      "bad_rate": 0.25,
      "mean_diversity": 3.0,
      "success_rate": 1.0
    },
    "LAD-Dijkstra": {
      "mean_T_up": 44.54315566179553,
      "median_T_up": 7.966916897602358,
      "std_T_up": 50.42938190923428,
      "bad_rate": 0.35,
      "mean_diversity": 2.45
    },
    "ShortestPath": {
      "mean_T_up": 82.75288186630522,
      "median_T_up": 112.53271596959465,
      "std_T_up": 48.35276088278006,
      "bad_rate": 0.7,
      "mean_diversity": 2.0
    }
  }
}