{
  "stats": {
    "3": {
      "A3C": {
        "conv_rate": 0.8,
        "conv_count": 4,
        "n_runs": 5,
        "conv_medians": [
          4.808945772861945,
          4.808945772861945,
          3.981072129831753,
          4.86021484349709
        ],
        "mean_conv_med": 4.614794629763184
      },
      "DQN": {
        "conv_rate": 1.0,
        "conv_count": 5,
        "n_runs": 5,
        "conv_medians": [
          4.808945772861945,
          4.808945772861945,
          4.998964764885365,
          5.319310165383292,
          4.379523636294152
        ],
        "mean_conv_med": 4.86313802245734
      },
      "DQN-PER": {
        "conv_rate": 1.0,
        "conv_count": 5,
        "n_runs": 5,
        "conv_medians": [
          4.700148964236771,
          4.822275715292423,
          4.617742474302135,
          4.320540598828381,
          4.199277752803542
        ],
        "mean_conv_med": 4.531997101092651
      }
    },
    "5": {
      "A3C": {
        "conv_rate": 0.4,
        "conv_count": 2,
        "n_runs": 5,
        "conv_medians": [
          6.775571832443568,
          6.668613185615127
        ],
        "mean_conv_med": 6.7220925090293475
      },
      "DQN": {
        "conv_rate": 0.6,
        "conv_count": 3,
        "n_runs": 5,
        "conv_medians": [
          7.248336360328617,
          5.686039361773185,
          6.58226559375348
        ],
        "mean_conv_med": 6.5055471052850935
      },
      "DQN-PER": {
        "conv_rate": 0.8,
        "conv_count": 4,
        "n_runs": 5,
        "conv_medians": [
          5.371039383086298,
          6.58226559375348,
          7.744268134559865,
          8.303058592769377
        ],
        "mean_conv_med": 7.000157926042254
      }
    }
  },
  "best_eval": {
    "3": {
      "A3C": {
        "mean_T_up": 17.3621148454281,
        "median_T_up": 3.965465227397912,
        "std_T_up": 34.40020707640734,
        "bad_rate": 0.11333333333333333,
        "mean_diversity": 3.0
      },
      "DQN": {
        "mean_T_up": 16.93183325239498,
        "median_T_up": 4.059144501115447,
        "std_T_up": 33.613860037960485,
        "bad_rate": 0.11,
        "mean_diversity": 3.0
      },
      "DQN-PER": {
        "mean_T_up": 19.361368717110686,
        "median_T_up": 4.394643487762724,
        "std_T_up": 37.909530347927145,
        "bad_rate": 0.12333333333333334,
        "mean_diversity": 3.1166666666666667
      },
      "LAD-Dijkstra": {
        "mean_T_up": 27.530865752914984,
        "median_T_up": 4.5018402747866055,
        "std_T_up": 44.61566819836891,
        "bad_rate": 0.20333333333333334,
        "mean_diversity": 2.4966666666666666
      }
    },
    "5": {
      "A3C": {
        "mean_T_up": 38.48401375346065,
        "median_T_up": 6.882530223562263,
        "std_T_up": 48.51783856201841,
        "bad_rate": 0.2966666666666667,
        "mean_diversity": 4.0
      },
      "DQN": {
        "mean_T_up": 29.982685310478058,
        "median_T_up": 6.364323361533973,
        "std_T_up": 43.76783117253941,
        "bad_rate": 0.21666666666666667,
        "mean_diversity": 3.9966666666666666
      },
      "DQN-PER": {
        "mean_T_up": 29.42785030699899,
        "median_T_up": 6.159255703246503,
        "std_T_up": 43.166960165106104,
        "bad_rate": 0.21,
        "mean_diversity": 4.0
      },
      "LAD-Dijkstra": {
        "mean_T_up": 39.01916646835735,
        "median_T_up": 7.265706460395695,
        "std_T_up": 49.483241380852014,
        "bad_rate": 0.29,
        "mean_diversity": 3.6533333333333333
      }
    }
  }
}