{
  "stats": {
    "3": {
      "PPO (Ours)": {
        "conv_rate": 0.0,
        "conv_count": 0,
        "n_runs": 3,
        "conv_medians": [],
        "mean_conv_med": 999.0
      },
      "A3C": {
        "conv_rate": 0.3333333333333333,
        "conv_count": 1,
        "n_runs": 3,
        "conv_medians": [
          4.808945772861945
        ],
        "mean_conv_med": 4.808945772861945
      },
      "DQN": {
        "conv_rate": 0.6666666666666666,
        "conv_count": 2,
        "n_runs": 3,
        "conv_medians": [
          4.4368059237352,
          4.808945772861945
        ],
        "mean_conv_med": 4.622875848298572
      }
    },
    "5": {
      "PPO (Ours)": {
        "conv_rate": 0.0,
        "conv_count": 0,
        "n_runs": 3,
        "conv_medians": [],
        "mean_conv_med": 999.0
      },
      "A3C": {
        "conv_rate": 0.3333333333333333,
        "conv_count": 1,
        "n_runs": 3,
        "conv_medians": [
          7.248336360328617
        ],
        "mean_conv_med": 7.248336360328617
      },
      "DQN": {
        "conv_rate": 0.6666666666666666,
        "conv_count": 2,
        "n_runs": 3,
        "conv_medians": [
          7.248336360328617,
          6.58226559375348
        ],
        "mean_conv_med": 6.915300977041048
      }
    }
  },
  "best_eval": {
    "3": {
      "PPO (Ours)": {
        "mean_T_up": 999.0,
        "median_T_up": 999.0,
        "std_T_up": 0.0,
        "bad_rate": 1.0,
        "mean_diversity": 3.566666666666667
      },
      "A3C": {
        "mean_T_up": 27.866623457664634,
        "median_T_up": 4.616570083722795,
        "std_T_up": 43.575317667645194,
        "bad_rate": 0.2,
        "mean_diversity": 3.0
      },
      "DQN": {
        "mean_T_up": 23.782723345478523,
        "median_T_up": 4.237017111831994,
        "std_T_up": 40.24162055089095,
        "bad_rate": 0.16666666666666666,
        "mean_diversity": 3.0
      },
      "LAD-Dijkstra": {
        "mean_T_up": 19.621039533232384,
        "median_T_up": 4.071410960138655,
        "std_T_up": 38.45561042055389,
        "bad_rate": 0.13333333333333333,
        "mean_diversity": 2.6
      }
    },
    "5": {
      "PPO (Ours)": {
        "mean_T_up": 119.85285806771653,
        "median_T_up": 67.16779675170241,
        "std_T_up": 171.3332250585836,
        "bad_rate": 0.5789473684210527,
        "mean_diversity": 4.833333333333333
      },
      "A3C": {
        "mean_T_up": 28.97073147718452,
        "median_T_up": 7.984830754599045,
        "std_T_up": 41.92033833005354,
        "bad_rate": 0.2,
        "mean_diversity": 4.0
      },
      "DQN": {
        "mean_T_up": 34.030231757668204,
        "median_T_up": 5.685596801361554,
        "std_T_up": 47.84123725328903,
        "bad_rate": 0.26666666666666666,
        "mean_diversity": 4.0
      },
      "LAD-Dijkstra": {
        "mean_T_up": 36.94304077270934,
        "median_T_up": 6.157598720638282,
        "std_T_up": 50.53880858405733,
        "bad_rate": 0.26666666666666666,
        "mean_diversity": 3.7333333333333334
      }
    }
  }
}