{
  "stats": {
    "3": {
      "A3C-Pure": {
        "conv_rate": 0.8,
        "conv_count": 4,
        "n_runs": 5,
        "conv_medians": [
          4.332174034339879,
          4.332174034339879,
          3.944129636424564,
          4.328259808531573
        ],
        "mean_conv_med": 4.234184378408973
      },
      "A3C-BC": {
        "conv_rate": 0.6,
        "conv_count": 3,
        "n_runs": 5,
        "conv_medians": [
          4.041042483177751,
          4.041042483177751,
          4.041042483177751
        ],
        "mean_conv_med": 4.041042483177751
      },
      "DQN-PER-Pure": {
        "conv_rate": 1.0,
        "conv_count": 5,
        "n_runs": 5,
        "conv_medians": [
          5.010789039640408,
          3.9198292241109858,
          4.328259808531573,
          4.68843036987141,
          4.6275707640318835
        ],
        "mean_conv_med": 4.514975841237253
      },
      "DQN-PER-BC": {
        "conv_rate": 0.8,
        "conv_count": 4,
        "n_runs": 5,
        "conv_medians": [
          4.764972501497467,
          3.9575077394420077,
          4.91528962000273,
          3.971020388607828
        ],
        "mean_conv_med": 4.402197562387508
      }
    },
    "5": {
      "A3C-Pure": {
        "conv_rate": 0.4,
        "conv_count": 2,
        "n_runs": 5,
        "conv_medians": [
          8.345547076943738,
          6.073707926140395
        ],
        "mean_conv_med": 7.209627501542067
      },
      "A3C-BC": {
        "conv_rate": 0.0,
        "conv_count": 0,
        "n_runs": 5,
        "conv_medians": [],
        "mean_conv_med": 999.0
      },
      "DQN-PER-Pure": {
        "conv_rate": 0.8,
        "conv_count": 4,
        "n_runs": 5,
        "conv_medians": [
          6.562410011738995,
          6.740397775489313,
          6.432405319858935,
          6.313453180521023
        ],
        "mean_conv_med": 6.512166571902067
      },
      "DQN-PER-BC": {
        "conv_rate": 0.6,
        "conv_count": 3,
        "n_runs": 5,
        "conv_medians": [
          7.188239295050193,
          7.49451549556952,
          6.157765733502723
        ],
        "mean_conv_med": 6.9468401747074795
      }
    }
  },
  "best_eval": {
    "3": {
      "A3C-Pure": {
        "mean_T_up": 17.3621148454281,
        "median_T_up": 3.965465227397912,
        "std_T_up": 34.40020707640734,
        "bad_rate": 0.11333333333333333,
        "mean_diversity": 3.0
      },
      "A3C-BC": {
        "mean_T_up": 16.93183325239498,
        "median_T_up": 4.059144501115447,
        "std_T_up": 33.613860037960485,
        "bad_rate": 0.11,
        "mean_diversity": 3.0
      },
      "DQN-PER-Pure": {
        "mean_T_up": 19.383602996229232,
        "median_T_up": 4.012563902974609,
        "std_T_up": 36.35022699358325,
        "bad_rate": 0.13333333333333333,
        "mean_diversity": 2.9166666666666665
      },
      "DQN-PER-BC": {
        "mean_T_up": 17.290944535118747,
        "median_T_up": 4.059144501115447,
        "std_T_up": 34.059561438452405,
        "bad_rate": 0.11333333333333333,
        "mean_diversity": 3.0
      },
      "LAD-Dijkstra": {
        "mean_T_up": 27.530865752914984,
        "median_T_up": 4.5018402747866055,
        "std_T_up": 44.61566819836891,
        "bad_rate": 0.20333333333333334,
        "mean_diversity": 2.4966666666666666
      }
    },
    "5": {
      "A3C-Pure": {
        "mean_T_up": 38.48401375346065,
        "median_T_up": 6.882530223562263,
        "std_T_up": 48.51783856201841,
        "bad_rate": 0.2966666666666667,
        "mean_diversity": 4.0
      },
      "A3C-BC": {
        "mean_T_up": 73.90441204876196,
        "median_T_up": 112.09225101887965,
        "std_T_up": 53.904805956223406,
        "bad_rate": 0.6033333333333334,
        "mean_diversity": 3.993333333333333
      },
      "DQN-PER-Pure": {
        "mean_T_up": 34.11818018363364,
        "median_T_up": 7.494345627928512,
        "std_T_up": 45.75541001224661,
        "bad_rate": 0.24666666666666667,
        "mean_diversity": 4.99
      },
      "DQN-PER-BC": {
        "mean_T_up": 33.10607185156631,
        "median_T_up": 6.904868837185019,
        "std_T_up": 45.356356182891716,
        "bad_rate": 0.24666666666666667,
        "mean_diversity": 3.9966666666666666
      },
      "LAD-Dijkstra": {
        "mean_T_up": 39.01916646835735,
        "median_T_up": 7.265706460395695,
        "std_T_up": 49.483241380852014,
        "bad_rate": 0.29,
        "mean_diversity": 3.6533333333333333
      }
    }
  }
}